{"loss": [1.2053276300430298], "accuracy": [0.7272347807884216], "val_loss": [0.9468971490859985], "val_accuracy": [0.8141999840736389]}